"","fap_BLS","snr_BLS","period_BLS (hrs)","depth_BLS","duration_BLS (hrs)","fap_TCF","snr_TCF","period_TCF (hrs)","depth_TCF","duration_TCF (hrs)"
"DTARPS176685457_lc.txt",0,10.2432275275651,0.0044085406500825,1.70670236906072,NA,0.319555990306039,19.1277714000605,0.00318491205108519,2.5,NA
"DTARPS22221375_lc.txt",0,17.3601005628425,0.000337877030477954,2.21459789108125,NA,0.0151298049262659,67.7265243930979,0.000309778005383971,3.5,NA
"DTARPS78669098_lc.txt",0,24.2002329748272,0.000483242872409594,1.98638994008133,NA,3.25928173339207e-12,63.7172794868123,0.000529564314829902,2,NA
"DTARPS89020549_lc.txt",0,18.8017260765711,0.00107250493309178,1.77126825464427,NA,0.000662384036049013,22.7072721965518,0.000985900932799275,1.5,NA
